TransactionID,ProductID,Category,Price,Quantity,Date,Region
T1000,P100,Électronique,80.64,5,2023-07-31 00:00:00,Nord
T1001,P101,Vêtements,181.08,5,2023-06-22 00:00:00,Sud
T1002,P102,Maison,109.34,3,2023-03-07 00:00:00,Est
T1003,P103,Jardin,88.26,3,2023-02-18 00:00:00,Ouest
T1004,P104,Sports,114.04,8,2023-05-08 00:00:00,Centre
T1005,P105,,182.98,3,2023-12-22 00:00:00,Nord
T1006,P106,Vêtements,101.91,7,2023-10-21 00:00:00,Sud
T1007,P107,Maison,193.25,6,2023-09-01 00:00:00,Est
T1008,P108,Jardin,106.65,3,2023-05-07 00:00:00,Ouest
T1009,P109,Sports,113.77,5,2023-06-30 00:00:00,Centre
T1010,P110,Électronique,29.45,4,2023-07-26 00:00:00,Nord
T1011,P111,Vêtements,104.42,5,2023-07-19 00:00:00,Sud
T1012,P112,Maison,117.3,9,2023-04-16 00:00:00,Est
T1013,P113,Jardin,14.24,2,2023-07-11 00:00:00,Ouest
T1014,P114,Sports,120.59,3,2023-12-23 00:00:00,Centre
T1015,P115,,65.49,4,2023-11-07 00:00:00,Nord
T1016,P116,Vêtements,168.19,4,2023-09-10 00:00:00,Sud
T1017,P117,Maison,124.03,9,2023-04-30 00:00:00,Est
T1018,P118,Jardin,156.98,3,2023-06-15 00:00:00,Ouest
T1019,P119,Sports,142.24,5,2023-08-19 00:00:00,Centre
T1020,P120,Électronique,90.54,6,2023-02-12 00:00:00,Nord
T1021,P121,Vêtements,85.31,2,2023-12-19 00:00:00,Sud
T1022,P122,Maison,81.14,7,2023-08-18 00:00:00,Est
T1023,P123,Jardin,35.27,5,2023-04-12 00:00:00,Ouest
T1024,P124,Sports,83.87,5,2023-05-03 00:00:00,Centre
T1025,P125,,36.51,4,2023-06-18 00:00:00,Nord
T1026,P126,Vêtements,42.11,6,2023-07-22 00:00:00,Sud
T1027,P127,Maison,13.05,7,2023-11-01 00:00:00,Est
T1028,P128,Jardin,112.59,8,2023-06-08 00:00:00,Ouest
T1029,P129,Sports,73.14,7,2023-12-26 00:00:00,Centre
T1030,P130,Électronique,130.22,1,2023-07-05 00:00:00,Nord
T1031,P131,Vêtements,73.31,2,2023-09-16 00:00:00,Sud
T1032,P132,Maison,44.43,2,2023-05-18 00:00:00,Est
T1033,P133,Jardin,133.39,6,2023-08-07 00:00:00,Ouest
T1034,P134,Sports,178.46,1,2023-03-08 00:00:00,Centre
T1035,P135,,110.97,8,2023-07-16 00:00:00,Nord
T1036,P136,Vêtements,140.7,8,2023-07-12 00:00:00,Sud
T1037,P137,Maison,51.11,5,2023-07-14 00:00:00,Est
T1038,P138,Jardin,158.97,9,2023-04-22 00:00:00,Ouest
T1039,P139,Sports,54.82,1,2023-05-26 00:00:00,Centre
T1040,P140,Électronique,-50.0,9,2023-11-26 00:00:00,Nord
T1041,P141,Vêtements,125.29,5,2023-02-28 00:00:00,Sud
T1042,P142,Maison,68.29,8,2023-02-12 00:00:00,Est
T1043,P143,Jardin,90.26,8,2023-09-03 00:00:00,Ouest
T1044,P144,Sports,160.51,1,2023-04-22 00:00:00,Centre
T1045,P145,Électronique,41.26,4,2023-08-21 00:00:00,Nord
T1046,P146,Vêtements,118.45,3,2023-12-07 00:00:00,Sud
T1047,P147,Maison,125.89,5,2023-02-21 00:00:00,Est
T1048,P148,Jardin,116.67,9,2023-07-17 00:00:00,Ouest
T1049,P149,Sports,195.34,9,2023-07-05 00:00:00,Centre
T1050,P100,Électronique,-100.0,1,2023-09-25 00:00:00,Nord
T1051,P101,Vêtements,198.59,3,2023-11-05 00:00:00,Sud
T1052,P102,Maison,118.55,7,2023-08-18 00:00:00,Est
T1053,P103,Jardin,112.34,5,2023-10-16 00:00:00,Ouest
T1054,P104,Sports,45.37,1,2023-06-18 00:00:00,Centre
T1055,P105,Électronique,32.26,9,2023-11-21 00:00:00,Nord
T1056,P106,Vêtements,11.14,4,2023-01-20 00:00:00,Sud
T1057,P107,Maison,58.32,3,2023-09-28 00:00:00,Est
T1058,P108,Jardin,66.27,8,2023-03-10 00:00:00,Ouest
T1059,P109,Sports,16.44,3,2023-04-10 00:00:00,Centre
T1060,P110,Électronique,136.84,3,2023-10-22 00:00:00,Nord
T1061,P111,Vêtements,182.08,6,2023-05-26 00:00:00,Sud
T1062,P112,Maison,31.17,4,2023-05-26 00:00:00,Est
T1063,P113,Jardin,159.06,4,2023-03-27 00:00:00,Ouest
T1064,P114,Sports,109.02,6,2023-02-18 00:00:00,Centre
T1065,P115,Électronique,133.1,4,2023-06-08 00:00:00,Nord
T1066,P116,Vêtements,91.35,5,2023-12-22 00:00:00,Sud
T1067,P117,Maison,69.43,5,2023-02-21 00:00:00,Est
T1068,P118,Jardin,138.21,2,2023-07-29 00:00:00,Ouest
T1069,P119,Sports,16.82,9,2023-07-04 00:00:00,Centre
T1070,P120,Électronique,103.27,-2,2023-03-24 00:00:00,Nord
T1071,P121,Vêtements,155.2,9,2023-08-02 00:00:00,Sud
T1072,P122,Maison,50.02,2,2023-01-24 00:00:00,Est
T1073,P123,Jardin,77.12,7,2023-04-29 00:00:00,Ouest
T1074,P124,Sports,17.33,9,2023-03-10 00:00:00,Centre
T1075,P125,Électronique,156.79,6,invalid-date-1,Nord
T1076,P126,Vêtements,66.87,3,2023-04-03 00:00:00,Sud
T1077,P127,Maison,149.89,2,2023-04-04 00:00:00,Est
T1078,P128,Jardin,162.73,1,2023-01-12 00:00:00,Ouest
T1079,P129,Sports,79.39,5,2023-12-03 00:00:00,Centre
T1080,P130,Électronique,116.31,-1,2023-03-09 00:00:00,Nord
T1081,P131,Vêtements,24.93,5,2023-04-29 00:00:00,Sud
T1082,P132,Maison,30.74,1,2023-08-02 00:00:00,Est
T1083,P133,Jardin,150.87,4,2023-08-14 00:00:00,Ouest
T1084,P134,Sports,94.12,5,2023-05-23 00:00:00,Centre
T1085,P135,Électronique,15.19,6,invalid-date-2,Nord
T1086,P136,Vêtements,145.1,2,2023-08-18 00:00:00,Sud
T1087,P137,Maison,83.63,4,2023-09-10 00:00:00,Est
T1088,P138,Jardin,121.01,5,2023-06-09 00:00:00,Ouest
T1089,P139,Sports,42.66,6,2023-08-17 00:00:00,Centre
T1090,P140,Électronique,122.26,4,2023-09-06 00:00:00,Nord
T1091,P141,Vêtements,99.39,4,2023-04-10 00:00:00,Sud
T1092,P142,Maison,59.06,3,2023-02-12 00:00:00,Est
T1093,P143,Jardin,152.52,9,2023-06-06 00:00:00,Ouest
T1094,P144,Sports,119.83,7,2023-07-15 00:00:00,Centre
T1095,P145,Électronique,81.96,8,2023-01-20 00:00:00,Nord
T1096,P146,Vêtements,32.33,8,2023-06-25 00:00:00,Sud
T1097,P147,Maison,18.3,7,2023-06-30 00:00:00,Est
T1098,P148,Jardin,112.9,3,2023-05-23 00:00:00,Ouest
T1099,P149,Sports,191.74,1,2023-11-02 00:00:00,Centre
T1100,P100,Électronique,41.23,5,2023-03-25 00:00:00,
T1101,P101,Vêtements,20.53,3,2023-04-21 00:00:00,Sud
T1102,P102,Maison,64.34,9,2023-05-23 00:00:00,Est
T1103,P103,Jardin,49.14,5,2023-06-23 00:00:00,Ouest
T1104,P104,Sports,12.0,7,2023-07-23 00:00:00,Centre
T1105,P105,Électronique,79.86,8,2023-06-10 00:00:00,Nord
T1106,P106,Vêtements,156.46,7,2023-05-02 00:00:00,Sud
T1107,P107,Maison,57.56,9,2023-07-30 00:00:00,Est
T1108,P108,Jardin,43.93,9,2023-11-29 00:00:00,Ouest
T1109,P109,Sports,92.77,8,2023-09-30 00:00:00,Centre
T1110,P110,Électronique,19.09,4,2023-02-23 00:00:00,Nord
T1111,P111,Vêtements,172.22,2,2023-01-12 00:00:00,Sud
T1112,P112,Maison,195.32,8,2023-08-12 00:00:00,Est
T1113,P113,Jardin,35.56,6,2023-11-23 00:00:00,Ouest
T1114,P114,Sports,83.55,9,2023-04-03 00:00:00,Centre
T1115,P115,Électronique,105.85,3,2023-10-05 00:00:00,Nord
T1116,P116,Vêtements,154.53,3,2023-06-17 00:00:00,Sud
T1117,P117,Maison,187.48,5,2023-05-26 00:00:00,Est
T1118,P118,Jardin,15.43,2,2023-03-27 00:00:00,Ouest
T1119,P119,Sports,46.66,7,2023-02-11 00:00:00,Centre
T1120,P120,Électronique,179.92,1,2023-02-22 00:00:00,Nord
T1121,P121,Vêtements,149.72,4,2023-09-12 00:00:00,Sud
T1122,P122,Maison,197.46,9,2023-03-14 00:00:00,Est
T1123,P123,Jardin,133.33,7,2023-09-10 00:00:00,Ouest
T1124,P124,Sports,12.13,2,2023-05-17 00:00:00,Centre
T1125,P125,Électronique,37.92,5,2023-03-11 00:00:00,Nord
T1126,P126,Vêtements,12.66,4,2023-02-04 00:00:00,Sud
T1127,P127,Maison,57.01,8,2023-12-17 00:00:00,Est
T1128,P128,Jardin,103.81,3,2023-08-29 00:00:00,Ouest
T1129,P129,Sports,185.37,9,2023-06-27 00:00:00,Centre
T1130,P130,Électronique,183.93,5,2023-11-20 00:00:00,Nord
T1131,P131,Vêtements,145.72,8,2023-08-27 00:00:00,Sud
T1132,P132,Maison,87.21,1,2023-10-25 00:00:00,Est
T1133,P133,Jardin,143.09,1,2023-07-29 00:00:00,Ouest
T1134,P134,Sports,68.79,7,2023-04-13 00:00:00,Centre
T1135,P135,Électronique,193.14,6,2023-02-25 00:00:00,Nord
T1136,P136,Vêtements,165.42,8,2023-03-15 00:00:00,Sud
T1137,P137,Maison,119.7,7,2023-10-08 00:00:00,Est
T1138,P138,Jardin,72.8,2,2023-07-09 00:00:00,Ouest
T1139,P139,Sports,130.81,4,2023-04-07 00:00:00,Centre
T1140,P140,Électronique,93.93,5,2023-07-11 00:00:00,Nord
T1141,P141,Vêtements,98.5,4,2023-01-16 00:00:00,Sud
T1142,P142,Maison,76.54,1,2023-03-10 00:00:00,Est
T1143,P143,Jardin,162.49,5,2023-12-28 00:00:00,Ouest
T1144,P144,Sports,70.34,4,2023-02-15 00:00:00,Centre
T1145,P145,Électronique,139.76,9,2023-11-14 00:00:00,Nord
T1146,P146,Vêtements,69.17,5,2023-10-24 00:00:00,Sud
T1147,P147,Maison,145.97,6,2023-09-24 00:00:00,Est
T1148,P148,Jardin,64.2,8,2023-01-18 00:00:00,Ouest
T1149,P149,Sports,15.44,7,2023-10-12 00:00:00,Centre
T1150,P100,Électronique,55.07,4,2023-10-02 00:00:00,Nord
T1151,P101,Vêtements,186.85,5,2023-12-15 00:00:00,Sud
T1152,P102,Maison,101.15,9,2023-03-07 00:00:00,Est
T1153,P103,Jardin,185.58,1,2023-11-19 00:00:00,Ouest
T1154,P104,Sports,28.23,8,2023-11-29 00:00:00,Centre
T1155,P105,Électronique,12.68,2,2023-09-01 00:00:00,Nord
T1156,P106,Vêtements,62.11,5,2023-06-26 00:00:00,Sud
T1157,P107,Maison,133.04,8,2023-07-14 00:00:00,Est
T1158,P108,Jardin,124.97,6,2023-09-02 00:00:00,Ouest
T1159,P109,Sports,195.07,6,2023-06-27 00:00:00,Centre
T1160,P110,Électronique,72.38,2,2023-08-22 00:00:00,Nord
T1161,P111,Vêtements,169.93,2,2023-05-27 00:00:00,Sud
T1162,P112,Maison,126.41,1,2023-05-27 00:00:00,Est
T1163,P113,Jardin,100.34,1,2023-11-25 00:00:00,Ouest
T1164,P114,Sports,95.49,8,2023-08-05 00:00:00,Centre
T1165,P115,Électronique,48.35,7,2023-09-16 00:00:00,Nord
T1166,P116,Vêtements,78.69,3,2023-05-27 00:00:00,Sud
T1167,P117,Maison,10.54,6,2023-12-22 00:00:00,Est
T1168,P118,Jardin,136.39,1,2023-06-08 00:00:00,Ouest
T1169,P119,Sports,133.0,3,2023-02-13 00:00:00,Centre
T1170,P120,Électronique,139.92,9,2023-11-29 00:00:00,Nord
T1171,P121,Vêtements,159.25,9,2023-02-23 00:00:00,Sud
T1172,P122,Maison,199.53,1,2023-06-04 00:00:00,Est
T1173,P123,Jardin,177.35,2,2023-08-13 00:00:00,Ouest
T1174,P124,Sports,32.26,6,2023-02-15 00:00:00,Centre
T1175,P125,Électronique,19.51,1,2023-01-13 00:00:00,Nord
T1176,P126,Vêtements,49.31,4,2023-10-03 00:00:00,Sud
T1177,P127,Maison,172.15,1,2023-12-01 00:00:00,Est
T1178,P128,Jardin,176.65,5,2023-05-14 00:00:00,Ouest
T1179,P129,Sports,79.41,4,2023-09-09 00:00:00,Centre
T1180,P130,Électronique,190.89,2,2023-08-23 00:00:00,Nord
T1181,P131,Vêtements,110.92,6,2023-07-25 00:00:00,Sud
T1182,P132,Maison,127.63,1,2023-11-19 00:00:00,Est
T1183,P133,Jardin,58.41,7,2023-01-06 00:00:00,Ouest
T1184,P134,Sports,75.05,3,2023-07-11 00:00:00,Centre
T1185,P135,Électronique,98.8,8,2023-10-31 00:00:00,Nord
T1186,P136,Vêtements,141.0,8,2023-08-22 00:00:00,Sud
T1187,P137,Maison,67.18,3,2023-09-24 00:00:00,Est
T1188,P138,Jardin,138.81,9,2023-01-14 00:00:00,Ouest
T1189,P139,Sports,180.13,4,2023-09-20 00:00:00,Centre
T1190,P140,Électronique,68.83,7,2023-01-24 00:00:00,Nord
T1191,P141,Vêtements,25.62,4,2023-04-14 00:00:00,Sud
T1192,P142,Maison,40.75,6,2023-08-20 00:00:00,Est
T1193,P143,Jardin,48.66,9,2023-04-15 00:00:00,Ouest
T1194,P144,Sports,168.23,4,2023-09-01 00:00:00,Centre
T1195,P145,Électronique,91.61,1,2023-06-28 00:00:00,Nord
T1196,P146,Vêtements,23.46,5,2023-07-23 00:00:00,Sud
T1197,P147,Maison,83.89,9,2023-12-14 00:00:00,Est
T1198,P148,Jardin,146.01,5,2023-09-11 00:00:00,Ouest
T1199,P149,Sports,119.59,4,2023-08-02 00:00:00,Centre
T1200,P100,Électronique,141.56,3,2023-08-11 00:00:00,
T1201,P101,Vêtements,28.58,5,2023-04-02 00:00:00,Sud
T1202,P102,Maison,116.7,7,2023-04-15 00:00:00,Est
T1203,P103,Jardin,170.7,3,2023-04-30 00:00:00,Ouest
T1204,P104,Sports,107.88,5,2023-02-12 00:00:00,Centre
T1205,P105,Électronique,86.19,3,2023-11-24 00:00:00,Nord
T1206,P106,Vêtements,156.66,3,2023-11-20 00:00:00,Sud
T1207,P107,Maison,146.58,9,2023-07-26 00:00:00,Est
T1208,P108,Jardin,157.78,8,2023-08-06 00:00:00,Ouest
T1209,P109,Sports,70.25,7,2023-09-16 00:00:00,Centre
T1210,P110,Électronique,177.5,6,2023-05-16 00:00:00,Nord
T1211,P111,Vêtements,116.79,4,2023-03-30 00:00:00,Sud
T1212,P112,Maison,157.9,2,2023-09-20 00:00:00,Est
T1213,P113,Jardin,21.41,7,2023-03-30 00:00:00,Ouest
T1214,P114,Sports,182.76,3,2023-04-14 00:00:00,Centre
T1215,P115,Électronique,127.17,4,2023-02-20 00:00:00,Nord
T1216,P116,Vêtements,90.42,3,2023-01-03 00:00:00,Sud
T1217,P117,Maison,88.01,1,2023-05-07 00:00:00,Est
T1218,P118,Jardin,14.55,6,2023-09-18 00:00:00,Ouest
T1219,P119,Sports,97.41,7,2023-03-12 00:00:00,Centre
T1220,P120,Électronique,65.97,4,2023-05-23 00:00:00,Nord
T1221,P121,Vêtements,78.58,3,2023-03-19 00:00:00,Sud
T1222,P122,Maison,48.83,4,2023-08-25 00:00:00,Est
T1223,P123,Jardin,15.02,6,2023-06-01 00:00:00,Ouest
T1224,P124,Sports,137.84,6,2023-08-04 00:00:00,Centre
T1225,P125,Électronique,134.21,4,2023-08-20 00:00:00,Nord
T1226,P126,Vêtements,174.13,8,2023-09-30 00:00:00,Sud
T1227,P127,Maison,59.37,3,2023-08-12 00:00:00,Est
T1228,P128,Jardin,14.28,2,2023-10-08 00:00:00,Ouest
T1229,P129,Sports,99.49,7,2023-04-15 00:00:00,Centre
T1230,P130,Électronique,108.12,3,2023-07-13 00:00:00,Nord
T1231,P131,Vêtements,88.13,7,2023-09-24 00:00:00,Sud
T1232,P132,Maison,137.74,9,2023-04-30 00:00:00,Est
T1233,P133,Jardin,104.24,6,2023-01-23 00:00:00,Ouest
T1234,P134,Sports,97.89,2,2023-12-04 00:00:00,Centre
T1235,P135,Électronique,40.83,9,2023-09-02 00:00:00,Nord
T1236,P136,Vêtements,117.5,2,2023-10-30 00:00:00,Sud
T1237,P137,Maison,15.72,7,2023-11-08 00:00:00,Est
T1238,P138,Jardin,48.12,2,2023-02-09 00:00:00,Ouest
T1239,P139,Sports,185.63,1,2023-09-15 00:00:00,Centre
T1240,P140,Électronique,100.18,7,2023-12-18 00:00:00,Nord
T1241,P141,Vêtements,143.4,6,2023-05-13 00:00:00,Sud
T1242,P142,Maison,136.41,3,2023-07-07 00:00:00,Est
T1243,P143,Jardin,51.8,5,2023-03-19 00:00:00,Ouest
T1244,P144,Sports,146.87,6,2023-07-30 00:00:00,Centre
T1245,P145,Électronique,183.22,6,2023-11-21 00:00:00,Nord
T1246,P146,Vêtements,119.0,7,2023-08-21 00:00:00,Sud
T1247,P147,Maison,22.68,6,2023-09-07 00:00:00,Est
T1248,P148,Jardin,18.85,9,2023-11-19 00:00:00,Ouest
T1249,P149,Sports,137.15,3,2023-02-22 00:00:00,Centre
T1250,P100,Électronique,134.4,3,2023-09-19 00:00:00,Nord
T1251,P101,Vêtements,133.98,1,2023-01-02 00:00:00,Sud
T1252,P102,Maison,47.64,9,2023-01-10 00:00:00,Est
T1253,P103,Jardin,53.38,7,2023-07-26 00:00:00,Ouest
T1254,P104,Sports,54.49,9,2023-01-02 00:00:00,Centre
T1255,P105,Électronique,153.29,2,2023-01-15 00:00:00,Nord
T1256,P106,Vêtements,186.37,9,2023-09-05 00:00:00,Sud
T1257,P107,Maison,43.26,8,2023-10-20 00:00:00,Est
T1258,P108,Jardin,12.86,1,2023-06-04 00:00:00,Ouest
T1259,P109,Sports,87.59,7,2023-11-22 00:00:00,Centre
T1260,P110,Électronique,81.76,4,2023-10-14 00:00:00,Nord
T1261,P111,Vêtements,135.81,7,2023-03-16 00:00:00,Sud
T1262,P112,Maison,68.91,3,2023-08-05 00:00:00,Est
T1263,P113,Jardin,122.53,9,2023-10-08 00:00:00,Ouest
T1264,P114,Sports,189.31,6,2023-06-24 00:00:00,Centre
T1265,P115,Électronique,129.24,9,2023-10-07 00:00:00,Nord
T1266,P116,Vêtements,107.91,8,2023-08-24 00:00:00,Sud
T1267,P117,Maison,58.27,4,2023-10-07 00:00:00,Est
T1268,P118,Jardin,98.31,4,2023-08-23 00:00:00,Ouest
T1269,P119,Sports,18.3,9,2023-11-09 00:00:00,Centre
T1270,P120,Électronique,98.24,7,2023-10-27 00:00:00,Nord
T1271,P121,Vêtements,133.91,1,2023-05-20 00:00:00,Sud
T1272,P122,Maison,129.17,1,2023-01-19 00:00:00,Est
T1273,P123,Jardin,149.74,3,2023-03-21 00:00:00,Ouest
T1274,P124,Sports,79.62,8,2023-07-11 00:00:00,Centre
T1275,P125,Électronique,34.76,5,2023-03-22 00:00:00,Nord
T1276,P126,Vêtements,88.57,6,2023-07-18 00:00:00,Sud
T1277,P127,Maison,141.49,1,2023-03-19 00:00:00,Est
T1278,P128,Jardin,122.94,1,2023-06-02 00:00:00,Ouest
T1279,P129,Sports,192.32,2,2023-09-19 00:00:00,Centre
T1280,P130,Électronique,144.65,2,2023-04-27 00:00:00,Nord
T1281,P131,Vêtements,73.18,5,2023-12-09 00:00:00,Sud
T1282,P132,Maison,124.13,2,2023-12-26 00:00:00,Est
T1283,P133,Jardin,137.28,1,2023-05-18 00:00:00,Ouest
T1284,P134,Sports,14.34,1,2023-06-09 00:00:00,Centre
T1285,P135,Électronique,155.9,8,2023-10-05 00:00:00,Nord
T1286,P136,Vêtements,73.7,6,2023-03-29 00:00:00,Sud
T1287,P137,Maison,184.67,5,2023-07-05 00:00:00,Est
T1288,P138,Jardin,113.37,9,2023-11-12 00:00:00,Ouest
T1289,P139,Sports,65.24,5,2023-01-28 00:00:00,Centre
T1290,P140,Électronique,97.05,4,2023-02-03 00:00:00,Nord
T1291,P141,Vêtements,54.42,6,2023-09-09 00:00:00,Sud
T1292,P142,Maison,101.41,6,2023-12-11 00:00:00,Est
T1293,P143,Jardin,133.01,6,2023-08-12 00:00:00,Ouest
T1294,P144,Sports,177.49,2,2023-01-27 00:00:00,Centre
T1295,P145,Électronique,141.93,7,2023-11-12 00:00:00,Nord
T1296,P146,Vêtements,51.71,3,2023-08-06 00:00:00,Sud
T1297,P147,Maison,123.77,7,2023-07-21 00:00:00,Est
T1298,P148,Jardin,77.74,7,2023-12-30 00:00:00,Ouest
T1299,P149,Sports,156.96,8,2023-04-23 00:00:00,Centre
T1300,P100,Électronique,199.8,4,2023-02-01 00:00:00,Nord
T1301,P101,Vêtements,173.13,6,2023-06-25 00:00:00,Sud
T1302,P102,Maison,196.71,2,2023-11-14 00:00:00,Est
T1303,P103,Jardin,10.34,9,2023-09-13 00:00:00,Ouest
T1304,P104,Sports,15.14,3,2023-02-11 00:00:00,Centre
T1305,P105,Électronique,80.81,5,2023-05-28 00:00:00,Nord
T1306,P106,Vêtements,189.26,2,2023-09-12 00:00:00,Sud
T1307,P107,Maison,101.63,3,2023-02-25 00:00:00,Est
T1308,P108,Jardin,73.75,9,2023-09-30 00:00:00,Ouest
T1309,P109,Sports,135.03,9,2023-05-18 00:00:00,Centre
T1310,P110,Électronique,163.47,3,2023-02-12 00:00:00,Nord
T1311,P111,Vêtements,70.1,8,2023-12-08 00:00:00,Sud
T1312,P112,Maison,114.27,7,2023-12-03 00:00:00,Est
T1313,P113,Jardin,44.39,1,2023-11-28 00:00:00,Ouest
T1314,P114,Sports,57.28,6,2023-01-03 00:00:00,Centre
T1315,P115,Électronique,190.28,9,2023-02-25 00:00:00,Nord
T1316,P116,Vêtements,100.86,3,2023-03-26 00:00:00,Sud
T1317,P117,Maison,56.9,6,2023-10-04 00:00:00,Est
T1318,P118,Jardin,12.6,8,2023-04-18 00:00:00,Ouest
T1319,P119,Sports,25.28,7,2023-03-01 00:00:00,Centre
T1320,P120,Électronique,96.82,1,2023-07-10 00:00:00,Nord
T1321,P121,Vêtements,21.54,5,2023-09-16 00:00:00,Sud
T1322,P122,Maison,117.28,3,2023-04-23 00:00:00,Est
T1323,P123,Jardin,53.67,1,2023-08-28 00:00:00,Ouest
T1324,P124,Sports,35.88,3,2023-07-06 00:00:00,Centre
T1325,P125,Électronique,93.48,7,2023-02-14 00:00:00,Nord
T1326,P126,Vêtements,80.27,1,2023-02-19 00:00:00,Sud
T1327,P127,Maison,127.7,3,2023-08-25 00:00:00,Est
T1328,P128,Jardin,12.91,1,2023-02-25 00:00:00,Ouest
T1329,P129,Sports,111.69,8,2023-07-17 00:00:00,Centre
T1330,P130,Électronique,43.89,3,2023-10-14 00:00:00,Nord
T1331,P131,Vêtements,77.34,2,2023-08-04 00:00:00,Sud
T1332,P132,Maison,104.5,8,2023-05-11 00:00:00,Est
T1333,P133,Jardin,113.63,4,2023-12-12 00:00:00,Ouest
T1334,P134,Sports,165.02,4,2023-12-05 00:00:00,Centre
T1335,P135,Électronique,53.03,2,2023-07-31 00:00:00,Nord
T1336,P136,Vêtements,198.67,5,2023-04-29 00:00:00,Sud
T1337,P137,Maison,163.43,5,2023-08-28 00:00:00,Est
T1338,P138,Jardin,150.0,3,2023-10-23 00:00:00,Ouest
T1339,P139,Sports,157.42,8,2023-04-04 00:00:00,Centre
T1340,P140,Électronique,24.53,8,2023-05-12 00:00:00,Nord
T1341,P141,Vêtements,117.12,8,2023-05-16 00:00:00,Sud
T1342,P142,Maison,143.65,4,2023-02-26 00:00:00,Est
T1343,P143,Jardin,101.58,5,2023-03-26 00:00:00,Ouest
T1344,P144,Sports,97.45,2,2023-12-17 00:00:00,Centre
T1345,P145,Électronique,155.91,3,2023-03-20 00:00:00,Nord
T1346,P146,Vêtements,63.61,7,2023-01-22 00:00:00,Sud
T1347,P147,Maison,159.49,2,2023-07-12 00:00:00,Est
T1348,P148,Jardin,125.9,7,2023-04-25 00:00:00,Ouest
T1349,P149,Sports,143.52,6,2023-07-06 00:00:00,Centre
T1350,P100,Électronique,149.54,4,2023-07-02 00:00:00,Nord
T1351,P101,Vêtements,77.26,3,2023-06-26 00:00:00,Sud
T1352,P102,Maison,157.76,8,2023-03-23 00:00:00,Est
T1353,P103,Jardin,101.83,6,2023-03-22 00:00:00,Ouest
T1354,P104,Sports,16.77,6,2023-03-17 00:00:00,Centre
T1355,P105,Électronique,155.18,2,2023-03-30 00:00:00,Nord
T1356,P106,Vêtements,46.59,7,2023-01-22 00:00:00,Sud
T1357,P107,Maison,122.84,4,2023-12-12 00:00:00,Est
T1358,P108,Jardin,18.04,8,2023-01-22 00:00:00,Ouest
T1359,P109,Sports,88.29,2,2023-04-19 00:00:00,Centre
T1360,P110,Électronique,157.75,8,2023-02-11 00:00:00,Nord
T1361,P111,Vêtements,126.01,6,2023-12-01 00:00:00,Sud
T1362,P112,Maison,25.93,9,2023-12-03 00:00:00,Est
T1363,P113,Jardin,144.54,1,2023-05-30 00:00:00,Ouest
T1364,P114,Sports,132.24,6,2023-03-14 00:00:00,Centre
T1365,P115,Électronique,134.85,4,2023-10-08 00:00:00,Nord
T1366,P116,Vêtements,181.27,9,2023-05-12 00:00:00,Sud
T1367,P117,Maison,80.12,2,2023-05-09 00:00:00,Est
T1368,P118,Jardin,19.78,2,2023-05-18 00:00:00,Ouest
T1369,P119,Sports,185.05,2,2023-04-05 00:00:00,Centre
T1370,P120,Électronique,179.79,8,2023-05-16 00:00:00,Nord
T1371,P121,Vêtements,45.92,2,2023-01-17 00:00:00,Sud
T1372,P122,Maison,16.28,7,2023-06-14 00:00:00,Est
T1373,P123,Jardin,108.0,3,2023-06-26 00:00:00,Ouest
T1374,P124,Sports,76.01,7,2023-08-01 00:00:00,Centre
T1375,P125,Électronique,147.38,5,2023-03-14 00:00:00,Nord
T1376,P126,Vêtements,194.46,3,2023-07-19 00:00:00,Sud
T1377,P127,Maison,23.86,3,2023-11-03 00:00:00,Est
T1378,P128,Jardin,152.72,7,2023-12-16 00:00:00,Ouest
T1379,P129,Sports,40.01,1,2023-08-14 00:00:00,Centre
T1380,P130,Électronique,83.04,6,2023-04-21 00:00:00,Nord
T1381,P131,Vêtements,67.44,2,2023-02-19 00:00:00,Sud
T1382,P132,Maison,189.96,1,2023-06-03 00:00:00,Est
T1383,P133,Jardin,162.76,8,2023-03-14 00:00:00,Ouest
T1384,P134,Sports,32.23,3,2023-02-15 00:00:00,Centre
T1385,P135,Électronique,157.62,9,2023-08-29 00:00:00,Nord
T1386,P136,Vêtements,14.72,7,2023-11-08 00:00:00,Sud
T1387,P137,Maison,172.23,1,2023-08-20 00:00:00,Est
T1388,P138,Jardin,139.52,5,2023-09-06 00:00:00,Ouest
T1389,P139,Sports,175.03,2,2023-08-19 00:00:00,Centre
T1390,P140,Électronique,30.82,1,2023-01-30 00:00:00,Nord
T1391,P141,Vêtements,151.89,7,2023-06-10 00:00:00,Sud
T1392,P142,Maison,174.19,9,2023-10-06 00:00:00,Est
T1393,P143,Jardin,163.01,9,2023-04-19 00:00:00,Ouest
T1394,P144,Sports,96.03,2,2023-07-08 00:00:00,Centre
T1395,P145,Électronique,96.17,1,2023-08-14 00:00:00,Nord
T1396,P146,Vêtements,19.54,4,2023-11-10 00:00:00,Sud
T1397,P147,Maison,21.44,4,2023-04-18 00:00:00,Est
T1398,P148,Jardin,17.39,8,2023-11-30 00:00:00,Ouest
T1399,P149,Sports,83.19,7,2023-08-23 00:00:00,Centre
T1400,P100,Électronique,58.48,4,2023-10-12 00:00:00,Nord
T1401,P101,Vêtements,139.11,5,2023-04-22 00:00:00,Sud
T1402,P102,Maison,36.36,7,2023-01-17 00:00:00,Est
T1403,P103,Jardin,123.62,8,2023-04-19 00:00:00,Ouest
T1404,P104,Sports,23.26,2,2023-06-17 00:00:00,Centre
T1405,P105,Électronique,139.02,2,2023-03-25 00:00:00,Nord
T1406,P106,Vêtements,160.6,3,2023-11-16 00:00:00,Sud
T1407,P107,Maison,40.41,9,2023-04-08 00:00:00,Est
T1408,P108,Jardin,146.53,4,2023-07-07 00:00:00,Ouest
T1409,P109,Sports,94.06,9,2023-11-07 00:00:00,Centre
T1410,P110,Électronique,133.86,8,2023-08-14 00:00:00,Nord
T1411,P111,Vêtements,138.53,6,2023-05-18 00:00:00,Sud
T1412,P112,Maison,193.62,1,2023-06-14 00:00:00,Est
T1413,P113,Jardin,65.53,6,2023-07-01 00:00:00,Ouest
T1414,P114,Sports,112.71,5,2023-01-14 00:00:00,Centre
T1415,P115,Électronique,15.76,1,2023-08-19 00:00:00,Nord
T1416,P116,Vêtements,178.15,8,2023-08-28 00:00:00,Sud
T1417,P117,Maison,56.69,4,2023-02-23 00:00:00,Est
T1418,P118,Jardin,189.53,1,2023-10-10 00:00:00,Ouest
T1419,P119,Sports,191.15,5,2023-03-11 00:00:00,Centre
T1420,P120,Électronique,39.99,7,2023-08-09 00:00:00,Nord
T1421,P121,Vêtements,161.12,2,2023-03-17 00:00:00,Sud
T1422,P122,Maison,62.53,5,2023-09-22 00:00:00,Est
T1423,P123,Jardin,110.47,2,2023-07-16 00:00:00,Ouest
T1424,P124,Sports,61.5,3,2023-08-26 00:00:00,Centre
T1425,P125,Électronique,81.58,2,2023-11-10 00:00:00,Nord
T1426,P126,Vêtements,56.27,7,2023-07-27 00:00:00,Sud
T1427,P127,Maison,118.14,4,2023-10-31 00:00:00,Est
T1428,P128,Jardin,165.11,5,2023-01-03 00:00:00,Ouest
T1429,P129,Sports,65.15,2,2023-12-02 00:00:00,Centre
T1430,P130,Électronique,128.61,2,2023-07-25 00:00:00,Nord
T1431,P131,Vêtements,194.74,4,2023-12-25 00:00:00,Sud
T1432,P132,Maison,46.94,2,2023-03-04 00:00:00,Est
T1433,P133,Jardin,166.85,2,2023-05-05 00:00:00,Ouest
T1434,P134,Sports,187.12,8,2023-07-28 00:00:00,Centre
T1435,P135,Électronique,16.25,5,2023-07-07 00:00:00,Nord
T1436,P136,Vêtements,31.59,1,2023-06-02 00:00:00,Sud
T1437,P137,Maison,127.54,5,2023-02-21 00:00:00,Est
T1438,P138,Jardin,111.56,6,2023-05-25 00:00:00,Ouest
T1439,P139,Sports,171.44,8,2023-07-21 00:00:00,Centre
T1440,P140,Électronique,83.11,6,2023-01-09 00:00:00,Nord
T1441,P141,Vêtements,184.32,7,2023-08-02 00:00:00,Sud
T1442,P142,Maison,137.92,9,2023-06-08 00:00:00,Est
T1443,P143,Jardin,181.52,2,2023-06-17 00:00:00,Ouest
T1444,P144,Sports,151.12,9,2023-02-15 00:00:00,Centre
T1445,P145,Électronique,167.98,6,2023-04-27 00:00:00,Nord
T1446,P146,Vêtements,92.71,2,2023-12-01 00:00:00,Sud
T1447,P147,Maison,126.03,8,2023-08-25 00:00:00,Est
T1448,P148,Jardin,108.77,8,2023-02-23 00:00:00,Ouest
T1449,P149,Sports,116.92,4,2023-05-13 00:00:00,Centre
T1450,P100,Électronique,33.63,8,2023-04-27 00:00:00,Nord
T1451,P101,Vêtements,57.36,3,2023-12-20 00:00:00,Sud
T1452,P102,Maison,118.86,5,2023-06-27 00:00:00,Est
T1453,P103,Jardin,58.3,3,2023-06-22 00:00:00,Ouest
T1454,P104,Sports,57.76,8,2023-08-19 00:00:00,Centre
T1455,P105,Électronique,170.82,5,2023-05-02 00:00:00,Nord
T1456,P106,Vêtements,196.38,1,2023-12-26 00:00:00,Sud
T1457,P107,Maison,61.44,8,2023-05-14 00:00:00,Est
T1458,P108,Jardin,162.5,4,2023-02-21 00:00:00,Ouest
T1459,P109,Sports,103.46,2,2023-07-10 00:00:00,Centre
T1460,P110,Électronique,155.12,8,2023-09-18 00:00:00,Nord
T1461,P111,Vêtements,74.41,8,2023-03-02 00:00:00,Sud
T1462,P112,Maison,109.56,1,2023-11-25 00:00:00,Est
T1463,P113,Jardin,74.36,1,2023-08-10 00:00:00,Ouest
T1464,P114,Sports,135.34,9,2023-08-24 00:00:00,Centre
T1465,P115,Électronique,75.09,4,2023-08-28 00:00:00,Nord
T1466,P116,Vêtements,162.04,5,2023-10-13 00:00:00,Sud
T1467,P117,Maison,92.14,9,2023-08-12 00:00:00,Est
T1468,P118,Jardin,86.41,6,2023-10-30 00:00:00,Ouest
T1469,P119,Sports,42.29,3,2023-01-07 00:00:00,Centre
T1470,P120,Électronique,181.3,4,2023-03-13 00:00:00,Nord
T1471,P121,Vêtements,86.21,4,2023-09-24 00:00:00,Sud
T1472,P122,Maison,166.97,1,2023-11-01 00:00:00,Est
T1473,P123,Jardin,129.67,8,2023-11-14 00:00:00,Ouest
T1474,P124,Sports,157.27,3,2023-12-21 00:00:00,Centre
T1475,P125,Électronique,144.64,2,2023-08-31 00:00:00,Nord
T1476,P126,Vêtements,171.3,4,2023-07-24 00:00:00,Sud
T1477,P127,Maison,74.11,3,2023-03-11 00:00:00,Est
T1478,P128,Jardin,73.77,9,2023-05-30 00:00:00,Ouest
T1479,P129,Sports,165.88,7,2023-10-17 00:00:00,Centre
T1480,P130,Électronique,147.52,1,2023-06-11 00:00:00,Nord
T1481,P131,Vêtements,103.86,9,2023-06-22 00:00:00,Sud
T1482,P132,Maison,12.72,8,2023-03-04 00:00:00,Est
T1483,P133,Jardin,18.44,5,2023-08-02 00:00:00,Ouest
T1484,P134,Sports,130.3,6,2023-12-14 00:00:00,Centre
T1485,P135,Électronique,74.64,7,2023-03-29 00:00:00,Nord
T1486,P136,Vêtements,24.94,2,2023-10-08 00:00:00,Sud
T1487,P137,Maison,30.21,5,2023-09-02 00:00:00,Est
T1488,P138,Jardin,160.32,9,2023-06-27 00:00:00,Ouest
T1489,P139,Sports,90.2,5,2023-06-22 00:00:00,Centre
T1490,P140,Électronique,73.55,6,2023-05-08 00:00:00,Nord
T1491,P141,Vêtements,66.64,8,2023-05-06 00:00:00,Sud
T1492,P142,Maison,105.74,3,2023-03-19 00:00:00,Est
T1493,P143,Jardin,125.28,3,2023-06-12 00:00:00,Ouest
T1494,P144,Sports,188.88,8,2023-02-28 00:00:00,Centre
T1495,P145,Électronique,37.08,5,2023-12-26 00:00:00,Nord
T1496,P146,Vêtements,89.01,1,2023-05-02 00:00:00,Sud
T1497,P147,Maison,62.58,9,2023-06-17 00:00:00,Est
T1498,P148,Jardin,130.9,6,2023-08-06 00:00:00,Ouest
T1499,P149,Sports,42.07,6,2023-05-30 00:00:00,Centre
T1500,P100,Électronique,35.05,6,2023-12-02 00:00:00,Nord
T1501,P101,Vêtements,171.06,7,2023-12-29 00:00:00,Sud
T1502,P102,Maison,102.28,9,2023-08-15 00:00:00,Est
T1503,P103,Jardin,191.67,6,2023-07-14 00:00:00,Ouest
T1504,P104,Sports,122.59,9,2023-01-18 00:00:00,Centre
T1505,P105,Électronique,116.76,5,2023-12-04 00:00:00,Nord
T1506,P106,Vêtements,168.58,4,2023-08-20 00:00:00,Sud
T1507,P107,Maison,84.05,2,2023-12-02 00:00:00,Est
T1508,P108,Jardin,125.53,3,2023-01-28 00:00:00,Ouest
T1509,P109,Sports,163.86,6,2023-03-07 00:00:00,Centre
T1510,P110,Électronique,133.26,7,2023-03-19 00:00:00,Nord
T1511,P111,Vêtements,192.66,4,2023-06-16 00:00:00,Sud
T1512,P112,Maison,30.97,6,2023-08-26 00:00:00,Est
T1513,P113,Jardin,22.38,3,2023-10-24 00:00:00,Ouest
T1514,P114,Sports,146.2,1,2023-11-04 00:00:00,Centre
T1515,P115,Électronique,119.33,3,2023-07-11 00:00:00,Nord
T1516,P116,Vêtements,64.12,1,2023-11-20 00:00:00,Sud
T1517,P117,Maison,199.51,2,2023-10-07 00:00:00,Est
T1518,P118,Jardin,138.99,7,2023-05-01 00:00:00,Ouest
T1519,P119,Sports,199.98,5,2023-05-28 00:00:00,Centre
T1520,P120,Électronique,75.05,1,2023-05-26 00:00:00,Nord
T1521,P121,Vêtements,117.04,2,2023-04-10 00:00:00,Sud
T1522,P122,Maison,186.6,2,2023-03-07 00:00:00,Est
T1523,P123,Jardin,199.05,1,2023-05-10 00:00:00,Ouest
T1524,P124,Sports,85.46,5,2023-07-06 00:00:00,Centre
T1525,P125,Électronique,162.65,4,2023-02-15 00:00:00,Nord
T1526,P126,Vêtements,191.61,4,2023-08-01 00:00:00,Sud
T1527,P127,Maison,86.52,3,2023-08-12 00:00:00,Est
T1528,P128,Jardin,147.62,4,2023-05-21 00:00:00,Ouest
T1529,P129,Sports,40.36,6,2023-01-19 00:00:00,Centre
T1530,P130,Électronique,99.64,2,2023-11-28 00:00:00,Nord
T1531,P131,Vêtements,36.1,9,2023-12-08 00:00:00,Sud
T1532,P132,Maison,38.21,4,2023-06-22 00:00:00,Est
T1533,P133,Jardin,132.32,7,2023-08-02 00:00:00,Ouest
T1534,P134,Sports,141.39,7,2023-02-25 00:00:00,Centre
T1535,P135,Électronique,148.7,6,2023-03-06 00:00:00,Nord
T1536,P136,Vêtements,121.64,7,2023-12-28 00:00:00,Sud
T1537,P137,Maison,168.77,9,2023-01-08 00:00:00,Est
T1538,P138,Jardin,66.97,5,2023-01-28 00:00:00,Ouest
T1539,P139,Sports,68.38,5,2023-07-25 00:00:00,Centre
T1540,P140,Électronique,86.91,5,2023-01-14 00:00:00,Nord
T1541,P141,Vêtements,133.05,2,2023-03-01 00:00:00,Sud
T1542,P142,Maison,184.76,3,2023-09-10 00:00:00,Est
T1543,P143,Jardin,32.86,5,2023-10-06 00:00:00,Ouest
T1544,P144,Sports,155.5,9,2023-10-23 00:00:00,Centre
T1545,P145,Électronique,141.82,7,2023-03-20 00:00:00,Nord
T1546,P146,Vêtements,129.39,9,2023-07-20 00:00:00,Sud
T1547,P147,Maison,13.28,4,2023-02-11 00:00:00,Est
T1548,P148,Jardin,46.98,4,2023-12-15 00:00:00,Ouest
T1549,P149,Sports,99.2,8,2023-10-01 00:00:00,Centre
T1550,P100,Électronique,15.11,3,2023-11-29 00:00:00,Nord
T1551,P101,Vêtements,143.36,8,2023-01-04 00:00:00,Sud
T1552,P102,Maison,91.44,1,2023-01-28 00:00:00,Est
T1553,P103,Jardin,38.32,1,2023-03-26 00:00:00,Ouest
T1554,P104,Sports,164.58,5,2023-11-12 00:00:00,Centre
T1555,P105,Électronique,104.02,3,2023-06-07 00:00:00,Nord
T1556,P106,Vêtements,120.6,1,2023-10-17 00:00:00,Sud
T1557,P107,Maison,86.84,4,2023-08-14 00:00:00,Est
T1558,P108,Jardin,191.84,9,2023-04-13 00:00:00,Ouest
T1559,P109,Sports,26.06,1,2023-04-28 00:00:00,Centre
T1560,P110,Électronique,72.43,8,2023-01-30 00:00:00,Nord
T1561,P111,Vêtements,39.43,4,2023-01-23 00:00:00,Sud
T1562,P112,Maison,131.98,4,2023-10-21 00:00:00,Est
T1563,P113,Jardin,173.97,8,2023-02-18 00:00:00,Ouest
T1564,P114,Sports,182.58,7,2023-12-02 00:00:00,Centre
T1565,P115,Électronique,10.12,2,2023-07-23 00:00:00,Nord
T1566,P116,Vêtements,91.31,1,2023-08-01 00:00:00,Sud
T1567,P117,Maison,32.87,5,2023-01-24 00:00:00,Est
T1568,P118,Jardin,181.87,3,2023-10-15 00:00:00,Ouest
T1569,P119,Sports,198.39,1,2023-06-11 00:00:00,Centre
T1570,P120,Électronique,23.41,9,2023-12-22 00:00:00,Nord
T1571,P121,Vêtements,65.58,7,2023-04-05 00:00:00,Sud
T1572,P122,Maison,83.8,5,2023-08-27 00:00:00,Est
T1573,P123,Jardin,114.77,9,2023-12-18 00:00:00,Ouest
T1574,P124,Sports,105.24,5,2023-08-27 00:00:00,Centre
T1575,P125,Électronique,147.66,6,2023-06-14 00:00:00,Nord
T1576,P126,Vêtements,142.86,8,2023-06-25 00:00:00,Sud
T1577,P127,Maison,28.13,4,2023-02-10 00:00:00,Est
T1578,P128,Jardin,52.9,6,2023-06-01 00:00:00,Ouest
T1579,P129,Sports,151.33,3,2023-10-19 00:00:00,Centre
T1580,P130,Électronique,158.03,2,2023-08-16 00:00:00,Nord
T1581,P131,Vêtements,196.89,2,2023-08-14 00:00:00,Sud
T1582,P132,Maison,87.63,3,2023-12-02 00:00:00,Est
T1583,P133,Jardin,31.96,1,2023-04-06 00:00:00,Ouest
T1584,P134,Sports,124.32,8,2023-08-31 00:00:00,Centre
T1585,P135,Électronique,23.72,3,2023-08-30 00:00:00,Nord
T1586,P136,Vêtements,42.3,6,2023-08-26 00:00:00,Sud
T1587,P137,Maison,99.04,3,2023-04-05 00:00:00,Est
T1588,P138,Jardin,34.43,6,2023-03-05 00:00:00,Ouest
T1589,P139,Sports,127.67,3,2023-04-18 00:00:00,Centre
T1590,P140,Électronique,91.16,6,2023-10-21 00:00:00,Nord
T1591,P141,Vêtements,179.44,2,2023-04-03 00:00:00,Sud
T1592,P142,Maison,13.77,1,2023-11-11 00:00:00,Est
T1593,P143,Jardin,75.57,9,2023-10-30 00:00:00,Ouest
T1594,P144,Sports,55.6,3,2023-05-16 00:00:00,Centre
T1595,P145,Électronique,50.14,4,2023-03-27 00:00:00,Nord
T1596,P146,Vêtements,119.58,4,2023-12-23 00:00:00,Sud
T1597,P147,Maison,102.69,7,2023-11-04 00:00:00,Est
T1598,P148,Jardin,145.73,9,2023-12-21 00:00:00,Ouest
T1599,P149,Sports,28.63,2,2023-12-16 00:00:00,Centre
T1600,P100,Électronique,117.14,3,2023-04-09 00:00:00,Nord
T1601,P101,Vêtements,26.06,1,2023-09-01 00:00:00,Sud
T1602,P102,Maison,73.64,9,2023-05-21 00:00:00,Est
T1603,P103,Jardin,10.58,8,2023-01-23 00:00:00,Ouest
T1604,P104,Sports,188.83,1,2023-04-27 00:00:00,Centre
T1605,P105,Électronique,19.72,6,2023-01-27 00:00:00,Nord
T1606,P106,Vêtements,74.35,9,2023-04-22 00:00:00,Sud
T1607,P107,Maison,35.85,4,2023-01-30 00:00:00,Est
T1608,P108,Jardin,41.73,3,2023-08-20 00:00:00,Ouest
T1609,P109,Sports,45.43,7,2023-03-09 00:00:00,Centre
T1610,P110,Électronique,10.48,7,2023-08-27 00:00:00,Nord
T1611,P111,Vêtements,52.46,4,2023-04-12 00:00:00,Sud
T1612,P112,Maison,39.37,5,2023-10-05 00:00:00,Est
T1613,P113,Jardin,29.23,4,2023-08-27 00:00:00,Ouest
T1614,P114,Sports,188.61,9,2023-10-06 00:00:00,Centre
T1615,P115,Électronique,176.35,1,2023-09-30 00:00:00,Nord
T1616,P116,Vêtements,72.11,2,2023-05-11 00:00:00,Sud
T1617,P117,Maison,127.1,1,2023-01-27 00:00:00,Est
T1618,P118,Jardin,93.53,6,2023-03-03 00:00:00,Ouest
T1619,P119,Sports,33.11,5,2023-03-17 00:00:00,Centre
T1620,P120,Électronique,80.15,6,2023-04-26 00:00:00,Nord
T1621,P121,Vêtements,102.56,9,2023-12-22 00:00:00,Sud
T1622,P122,Maison,74.09,1,2023-12-15 00:00:00,Est
T1623,P123,Jardin,130.46,7,2023-12-14 00:00:00,Ouest
T1624,P124,Sports,119.12,3,2023-08-26 00:00:00,Centre
T1625,P125,Électronique,67.88,6,2023-12-06 00:00:00,Nord
T1626,P126,Vêtements,67.66,5,2023-08-08 00:00:00,Sud
T1627,P127,Maison,84.93,2,2023-03-12 00:00:00,Est
T1628,P128,Jardin,67.56,8,2023-06-24 00:00:00,Ouest
T1629,P129,Sports,150.02,4,2023-03-14 00:00:00,Centre
T1630,P130,Électronique,86.69,4,2023-09-13 00:00:00,Nord
T1631,P131,Vêtements,162.28,1,2023-05-28 00:00:00,Sud
T1632,P132,Maison,188.9,5,2023-01-06 00:00:00,Est
T1633,P133,Jardin,73.62,6,2023-10-12 00:00:00,Ouest
T1634,P134,Sports,69.01,5,2023-04-10 00:00:00,Centre
T1635,P135,Électronique,180.88,4,2023-11-14 00:00:00,Nord
T1636,P136,Vêtements,195.16,6,2023-02-04 00:00:00,Sud
T1637,P137,Maison,183.37,2,2023-12-25 00:00:00,Est
T1638,P138,Jardin,191.8,4,2023-09-16 00:00:00,Ouest
T1639,P139,Sports,91.64,6,2023-07-08 00:00:00,Centre
T1640,P140,Électronique,125.57,1,2023-01-04 00:00:00,Nord
T1641,P141,Vêtements,186.57,9,2023-03-16 00:00:00,Sud
T1642,P142,Maison,70.47,2,2023-02-14 00:00:00,Est
T1643,P143,Jardin,86.43,9,2023-08-20 00:00:00,Ouest
T1644,P144,Sports,156.13,1,2023-03-08 00:00:00,Centre
T1645,P145,Électronique,176.21,1,2023-11-30 00:00:00,Nord
T1646,P146,Vêtements,186.42,9,2023-10-06 00:00:00,Sud
T1647,P147,Maison,117.74,8,2023-09-23 00:00:00,Est
T1648,P148,Jardin,83.83,9,2023-06-03 00:00:00,Ouest
T1649,P149,Sports,60.52,7,2023-08-26 00:00:00,Centre
T1650,P100,Électronique,197.45,1,2023-10-23 00:00:00,Nord
T1651,P101,Vêtements,35.98,2,2023-07-04 00:00:00,Sud
T1652,P102,Maison,94.57,1,2023-01-01 00:00:00,Est
T1653,P103,Jardin,65.11,1,2023-05-21 00:00:00,Ouest
T1654,P104,Sports,147.5,6,2023-04-22 00:00:00,Centre
T1655,P105,Électronique,46.87,2,2023-07-21 00:00:00,Nord
T1656,P106,Vêtements,123.82,3,2023-01-12 00:00:00,Sud
T1657,P107,Maison,151.58,7,2023-03-09 00:00:00,Est
T1658,P108,Jardin,120.57,6,2023-10-25 00:00:00,Ouest
T1659,P109,Sports,34.01,7,2023-05-26 00:00:00,Centre
T1660,P110,Électronique,78.8,1,2023-05-12 00:00:00,Nord
T1661,P111,Vêtements,146.34,8,2023-02-07 00:00:00,Sud
T1662,P112,Maison,176.83,9,2023-08-03 00:00:00,Est
T1663,P113,Jardin,53.0,1,2023-05-19 00:00:00,Ouest
T1664,P114,Sports,65.19,4,2023-06-21 00:00:00,Centre
T1665,P115,Électronique,31.06,1,2023-09-28 00:00:00,Nord
T1666,P116,Vêtements,16.85,4,2023-03-01 00:00:00,Sud
T1667,P117,Maison,145.66,2,2023-09-13 00:00:00,Est
T1668,P118,Jardin,198.3,9,2023-10-24 00:00:00,Ouest
T1669,P119,Sports,97.44,6,2023-04-14 00:00:00,Centre
T1670,P120,Électronique,16.71,1,2023-12-16 00:00:00,Nord
T1671,P121,Vêtements,98.2,6,2023-11-23 00:00:00,Sud
T1672,P122,Maison,168.95,4,2023-03-26 00:00:00,Est
T1673,P123,Jardin,179.37,7,2023-09-11 00:00:00,Ouest
T1674,P124,Sports,58.67,8,2023-04-08 00:00:00,Centre
T1675,P125,Électronique,177.17,8,2023-04-20 00:00:00,Nord
T1676,P126,Vêtements,19.69,5,2023-12-31 00:00:00,Sud
T1677,P127,Maison,195.75,7,2023-05-25 00:00:00,Est
T1678,P128,Jardin,18.75,7,2023-09-13 00:00:00,Ouest
T1679,P129,Sports,29.01,5,2023-09-04 00:00:00,Centre
T1680,P130,Électronique,127.28,7,2023-01-16 00:00:00,Nord
T1681,P131,Vêtements,115.03,4,2023-11-02 00:00:00,Sud
T1682,P132,Maison,187.39,3,2023-08-11 00:00:00,Est
T1683,P133,Jardin,150.78,3,2023-04-24 00:00:00,Ouest
T1684,P134,Sports,15.45,3,2023-11-05 00:00:00,Centre
T1685,P135,Électronique,161.86,9,2023-05-05 00:00:00,Nord
T1686,P136,Vêtements,108.42,5,2023-03-05 00:00:00,Sud
T1687,P137,Maison,175.69,2,2023-04-08 00:00:00,Est
T1688,P138,Jardin,95.97,2,2023-07-23 00:00:00,Ouest
T1689,P139,Sports,33.67,4,2023-12-12 00:00:00,Centre
T1690,P140,Électronique,46.16,2,2023-09-30 00:00:00,Nord
T1691,P141,Vêtements,187.75,3,2023-08-11 00:00:00,Sud
T1692,P142,Maison,171.37,8,2023-05-12 00:00:00,Est
T1693,P143,Jardin,12.4,7,2023-08-04 00:00:00,Ouest
T1694,P144,Sports,18.27,7,2023-03-03 00:00:00,Centre
T1695,P145,Électronique,175.75,3,2023-07-26 00:00:00,Nord
T1696,P146,Vêtements,103.93,7,2023-06-10 00:00:00,Sud
T1697,P147,Maison,172.87,6,2023-09-19 00:00:00,Est
T1698,P148,Jardin,193.34,4,2023-11-15 00:00:00,Ouest
T1699,P149,Sports,146.26,5,2023-01-07 00:00:00,Centre
T1700,P100,Électronique,193.8,1,2023-06-16 00:00:00,Nord
T1701,P101,Vêtements,132.4,8,2023-04-06 00:00:00,Sud
T1702,P102,Maison,157.82,8,2023-01-16 00:00:00,Est
T1703,P103,Jardin,64.73,6,2023-09-07 00:00:00,Ouest
T1704,P104,Sports,108.94,4,2023-07-21 00:00:00,Centre
T1705,P105,Électronique,25.41,4,2023-11-21 00:00:00,Nord
T1706,P106,Vêtements,59.96,5,2023-09-14 00:00:00,Sud
T1707,P107,Maison,152.62,4,2023-01-02 00:00:00,Est
T1708,P108,Jardin,141.76,5,2023-04-09 00:00:00,Ouest
T1709,P109,Sports,46.52,5,2023-01-10 00:00:00,Centre
T1710,P110,Électronique,48.88,9,2023-02-16 00:00:00,Nord
T1711,P111,Vêtements,84.36,4,2023-09-05 00:00:00,Sud
T1712,P112,Maison,163.61,5,2023-03-11 00:00:00,Est
T1713,P113,Jardin,42.55,7,2023-01-07 00:00:00,Ouest
T1714,P114,Sports,102.81,2,2023-07-02 00:00:00,Centre
T1715,P115,Électronique,58.2,9,2023-01-18 00:00:00,Nord
T1716,P116,Vêtements,121.58,3,2023-04-25 00:00:00,Sud
T1717,P117,Maison,104.47,5,2023-05-21 00:00:00,Est
T1718,P118,Jardin,17.16,7,2023-03-29 00:00:00,Ouest
T1719,P119,Sports,141.3,6,2023-03-08 00:00:00,Centre
T1720,P120,Électronique,197.31,4,2023-05-24 00:00:00,Nord
T1721,P121,Vêtements,155.3,5,2023-08-28 00:00:00,Sud
T1722,P122,Maison,31.24,8,2023-08-09 00:00:00,Est
T1723,P123,Jardin,63.81,5,2023-05-18 00:00:00,Ouest
T1724,P124,Sports,97.65,8,2023-12-31 00:00:00,Centre
T1725,P125,Électronique,105.22,3,2023-09-05 00:00:00,Nord
T1726,P126,Vêtements,52.51,9,2023-04-17 00:00:00,Sud
T1727,P127,Maison,51.6,1,2023-02-05 00:00:00,Est
T1728,P128,Jardin,49.96,9,2023-09-29 00:00:00,Ouest
T1729,P129,Sports,129.51,8,2023-12-04 00:00:00,Centre
T1730,P130,Électronique,139.28,4,2023-10-27 00:00:00,Nord
T1731,P131,Vêtements,179.14,7,2023-01-13 00:00:00,Sud
T1732,P132,Maison,131.9,5,2023-05-25 00:00:00,Est
T1733,P133,Jardin,82.3,4,2023-08-26 00:00:00,Ouest
T1734,P134,Sports,106.16,8,2023-03-06 00:00:00,Centre
T1735,P135,Électronique,15.61,2,2023-01-11 00:00:00,Nord
T1736,P136,Vêtements,84.69,4,2023-07-22 00:00:00,Sud
T1737,P137,Maison,118.59,6,2023-07-27 00:00:00,Est
T1738,P138,Jardin,180.12,1,2023-05-02 00:00:00,Ouest
T1739,P139,Sports,151.78,5,2023-11-29 00:00:00,Centre
T1740,P140,Électronique,181.14,3,2023-04-16 00:00:00,Nord
T1741,P141,Vêtements,191.32,3,2023-12-08 00:00:00,Sud
T1742,P142,Maison,158.92,6,2023-11-12 00:00:00,Est
T1743,P143,Jardin,38.51,4,2023-11-14 00:00:00,Ouest
T1744,P144,Sports,96.27,5,2023-09-10 00:00:00,Centre
T1745,P145,Électronique,77.15,2,2023-11-20 00:00:00,Nord
T1746,P146,Vêtements,88.43,4,2023-07-24 00:00:00,Sud
T1747,P147,Maison,12.7,1,2023-05-17 00:00:00,Est
T1748,P148,Jardin,194.58,8,2023-05-14 00:00:00,Ouest
T1749,P149,Sports,173.83,8,2023-05-24 00:00:00,Centre
T1750,P100,Électronique,158.73,5,2023-05-05 00:00:00,Nord
T1751,P101,Vêtements,121.95,1,2023-03-17 00:00:00,Sud
T1752,P102,Maison,73.41,9,2023-06-14 00:00:00,Est
T1753,P103,Jardin,143.79,9,2023-08-30 00:00:00,Ouest
T1754,P104,Sports,98.34,5,2023-09-09 00:00:00,Centre
T1755,P105,Électronique,96.11,7,2023-05-29 00:00:00,Nord
T1756,P106,Vêtements,141.47,7,2023-08-15 00:00:00,Sud
T1757,P107,Maison,131.42,6,2023-07-31 00:00:00,Est
T1758,P108,Jardin,94.96,1,2023-12-24 00:00:00,Ouest
T1759,P109,Sports,138.1,4,2023-08-27 00:00:00,Centre
T1760,P110,Électronique,44.4,9,2023-05-21 00:00:00,Nord
T1761,P111,Vêtements,125.75,9,2023-08-22 00:00:00,Sud
T1762,P112,Maison,59.19,4,2023-06-01 00:00:00,Est
T1763,P113,Jardin,34.95,2,2023-12-16 00:00:00,Ouest
T1764,P114,Sports,129.76,3,2023-07-25 00:00:00,Centre
T1765,P115,Électronique,21.51,3,2023-01-22 00:00:00,Nord
T1766,P116,Vêtements,182.29,7,2023-03-15 00:00:00,Sud
T1767,P117,Maison,18.58,6,2023-03-24 00:00:00,Est
T1768,P118,Jardin,111.78,6,2023-06-28 00:00:00,Ouest
T1769,P119,Sports,22.1,5,2023-02-19 00:00:00,Centre
T1770,P120,Électronique,192.95,8,2023-04-22 00:00:00,Nord
T1771,P121,Vêtements,62.18,6,2023-10-28 00:00:00,Sud
T1772,P122,Maison,149.17,9,2023-05-21 00:00:00,Est
T1773,P123,Jardin,82.59,9,2023-11-21 00:00:00,Ouest
T1774,P124,Sports,125.91,2,2023-09-30 00:00:00,Centre
T1775,P125,Électronique,51.2,5,2023-09-17 00:00:00,Nord
T1776,P126,Vêtements,78.45,3,2023-11-18 00:00:00,Sud
T1777,P127,Maison,183.02,4,2023-02-12 00:00:00,Est
T1778,P128,Jardin,15.49,2,2023-11-15 00:00:00,Ouest
T1779,P129,Sports,118.21,8,2023-12-20 00:00:00,Centre
T1780,P130,Électronique,73.71,4,2023-08-01 00:00:00,Nord
T1781,P131,Vêtements,95.54,7,2023-05-14 00:00:00,Sud
T1782,P132,Maison,100.42,8,2023-02-13 00:00:00,Est
T1783,P133,Jardin,127.97,1,2023-03-10 00:00:00,Ouest
T1784,P134,Sports,157.89,2,2023-10-13 00:00:00,Centre
T1785,P135,Électronique,170.06,6,2023-03-07 00:00:00,Nord
T1786,P136,Vêtements,106.81,6,2023-08-17 00:00:00,Sud
T1787,P137,Maison,74.39,7,2023-06-17 00:00:00,Est
T1788,P138,Jardin,110.52,6,2023-10-13 00:00:00,Ouest
T1789,P139,Sports,69.52,9,2023-01-14 00:00:00,Centre
T1790,P140,Électronique,178.65,9,2023-10-23 00:00:00,Nord
T1791,P141,Vêtements,107.36,1,2023-03-20 00:00:00,Sud
T1792,P142,Maison,148.91,7,2023-03-04 00:00:00,Est
T1793,P143,Jardin,187.36,8,2023-08-02 00:00:00,Ouest
T1794,P144,Sports,88.92,1,2023-08-11 00:00:00,Centre
T1795,P145,Électronique,31.85,4,2023-06-17 00:00:00,Nord
T1796,P146,Vêtements,97.57,6,2023-05-26 00:00:00,Sud
T1797,P147,Maison,29.61,5,2023-05-09 00:00:00,Est
T1798,P148,Jardin,113.64,9,2023-05-16 00:00:00,Ouest
T1799,P149,Sports,18.72,9,2023-09-11 00:00:00,Centre
T1800,P100,Électronique,19.59,3,2023-07-12 00:00:00,Nord
T1801,P101,Vêtements,145.01,8,2023-08-25 00:00:00,Sud
T1802,P102,Maison,76.01,4,2023-04-22 00:00:00,Est
T1803,P103,Jardin,55.5,4,2023-06-16 00:00:00,Ouest
T1804,P104,Sports,65.32,7,2023-09-25 00:00:00,Centre
T1805,P105,Électronique,196.11,4,2023-12-17 00:00:00,Nord
T1806,P106,Vêtements,195.31,9,2023-08-04 00:00:00,Sud
T1807,P107,Maison,77.58,2,2023-08-13 00:00:00,Est
T1808,P108,Jardin,34.89,9,2023-08-04 00:00:00,Ouest
T1809,P109,Sports,22.11,1,2023-05-29 00:00:00,Centre
T1810,P110,Électronique,60.96,9,2023-03-31 00:00:00,Nord
T1811,P111,Vêtements,148.69,6,2023-07-13 00:00:00,Sud
T1812,P112,Maison,76.6,1,2023-08-08 00:00:00,Est
T1813,P113,Jardin,135.35,8,2023-09-16 00:00:00,Ouest
T1814,P114,Sports,23.82,5,2023-03-28 00:00:00,Centre
T1815,P115,Électronique,32.75,1,2023-06-10 00:00:00,Nord
T1816,P116,Vêtements,21.48,4,2023-05-02 00:00:00,Sud
T1817,P117,Maison,96.65,6,2023-08-19 00:00:00,Est
T1818,P118,Jardin,27.5,6,2023-07-25 00:00:00,Ouest
T1819,P119,Sports,158.14,7,2023-02-18 00:00:00,Centre
T1820,P120,Électronique,22.31,9,2023-06-02 00:00:00,Nord
T1821,P121,Vêtements,44.33,2,2023-12-20 00:00:00,Sud
T1822,P122,Maison,68.56,6,2023-03-30 00:00:00,Est
T1823,P123,Jardin,116.32,7,2023-06-20 00:00:00,Ouest
T1824,P124,Sports,48.87,8,2023-06-06 00:00:00,Centre
T1825,P125,Électronique,148.12,4,2023-11-12 00:00:00,Nord
T1826,P126,Vêtements,187.07,1,2023-03-21 00:00:00,Sud
T1827,P127,Maison,12.68,3,2023-05-03 00:00:00,Est
T1828,P128,Jardin,64.66,3,2023-05-31 00:00:00,Ouest
T1829,P129,Sports,43.41,3,2023-07-04 00:00:00,Centre
T1830,P130,Électronique,193.96,6,2023-03-09 00:00:00,Nord
T1831,P131,Vêtements,190.98,2,2023-03-29 00:00:00,Sud
T1832,P132,Maison,126.43,2,2023-10-03 00:00:00,Est
T1833,P133,Jardin,80.19,3,2023-10-23 00:00:00,Ouest
T1834,P134,Sports,157.28,8,2023-04-28 00:00:00,Centre
T1835,P135,Électronique,25.68,4,2023-11-13 00:00:00,Nord
T1836,P136,Vêtements,177.0,6,2023-03-06 00:00:00,Sud
T1837,P137,Maison,16.22,3,2023-01-16 00:00:00,Est
T1838,P138,Jardin,48.22,5,2023-05-18 00:00:00,Ouest
T1839,P139,Sports,177.86,1,2023-08-07 00:00:00,Centre
T1840,P140,Électronique,165.58,1,2023-03-01 00:00:00,Nord
T1841,P141,Vêtements,48.07,6,2023-01-26 00:00:00,Sud
T1842,P142,Maison,54.29,2,2023-02-16 00:00:00,Est
T1843,P143,Jardin,74.95,7,2023-02-11 00:00:00,Ouest
T1844,P144,Sports,141.24,4,2023-05-23 00:00:00,Centre
T1845,P145,Électronique,73.45,8,2023-06-06 00:00:00,Nord
T1846,P146,Vêtements,89.45,4,2023-09-20 00:00:00,Sud
T1847,P147,Maison,104.6,9,2023-01-08 00:00:00,Est
T1848,P148,Jardin,153.3,8,2023-11-04 00:00:00,Ouest
T1849,P149,Sports,65.05,6,2023-08-25 00:00:00,Centre
T1850,P100,Électronique,47.22,1,2023-12-14 00:00:00,Nord
T1851,P101,Vêtements,195.9,2,2023-06-10 00:00:00,Sud
T1852,P102,Maison,38.63,4,2023-02-09 00:00:00,Est
T1853,P103,Jardin,104.23,3,2023-06-13 00:00:00,Ouest
T1854,P104,Sports,166.46,4,2023-07-01 00:00:00,Centre
T1855,P105,Électronique,96.03,3,2023-01-15 00:00:00,Nord
T1856,P106,Vêtements,139.66,9,2023-02-24 00:00:00,Sud
T1857,P107,Maison,142.88,9,2023-10-11 00:00:00,Est
T1858,P108,Jardin,157.05,5,2023-02-02 00:00:00,Ouest
T1859,P109,Sports,90.79,1,2023-08-30 00:00:00,Centre
T1860,P110,Électronique,48.85,5,2023-10-17 00:00:00,Nord
T1861,P111,Vêtements,43.65,9,2023-05-29 00:00:00,Sud
T1862,P112,Maison,81.27,7,2023-07-04 00:00:00,Est
T1863,P113,Jardin,34.19,4,2023-03-11 00:00:00,Ouest
T1864,P114,Sports,156.76,5,2023-09-27 00:00:00,Centre
T1865,P115,Électronique,113.61,3,2023-11-17 00:00:00,Nord
T1866,P116,Vêtements,107.95,3,2023-05-12 00:00:00,Sud
T1867,P117,Maison,183.69,5,2023-09-17 00:00:00,Est
T1868,P118,Jardin,189.25,5,2023-01-03 00:00:00,Ouest
T1869,P119,Sports,170.51,7,2023-12-09 00:00:00,Centre
T1870,P120,Électronique,67.81,9,2023-03-21 00:00:00,Nord
T1871,P121,Vêtements,14.76,2,2023-07-01 00:00:00,Sud
T1872,P122,Maison,17.16,3,2023-10-11 00:00:00,Est
T1873,P123,Jardin,194.28,8,2023-10-30 00:00:00,Ouest
T1874,P124,Sports,38.2,7,2023-01-04 00:00:00,Centre
T1875,P125,Électronique,113.24,4,2023-03-30 00:00:00,Nord
T1876,P126,Vêtements,40.49,4,2023-01-04 00:00:00,Sud
T1877,P127,Maison,161.65,4,2023-09-18 00:00:00,Est
T1878,P128,Jardin,160.54,1,2023-05-22 00:00:00,Ouest
T1879,P129,Sports,75.37,8,2023-01-30 00:00:00,Centre
T1880,P130,Électronique,190.94,8,2023-03-21 00:00:00,Nord
T1881,P131,Vêtements,132.17,8,2023-01-05 00:00:00,Sud
T1882,P132,Maison,33.14,1,2023-08-09 00:00:00,Est
T1883,P133,Jardin,167.78,2,2023-04-13 00:00:00,Ouest
T1884,P134,Sports,169.8,3,2023-07-12 00:00:00,Centre
T1885,P135,Électronique,139.52,1,2023-01-02 00:00:00,Nord
T1886,P136,Vêtements,69.03,2,2023-12-14 00:00:00,Sud
T1887,P137,Maison,95.8,1,2023-05-25 00:00:00,Est
T1888,P138,Jardin,141.37,4,2023-02-20 00:00:00,Ouest
T1889,P139,Sports,196.28,3,2023-07-20 00:00:00,Centre
T1890,P140,Électronique,185.26,8,2023-03-17 00:00:00,Nord
T1891,P141,Vêtements,13.03,7,2023-03-10 00:00:00,Sud
T1892,P142,Maison,86.56,3,2023-11-20 00:00:00,Est
T1893,P143,Jardin,168.05,7,2023-02-15 00:00:00,Ouest
T1894,P144,Sports,168.73,7,2023-12-16 00:00:00,Centre
T1895,P145,Électronique,50.52,8,2023-10-04 00:00:00,Nord
T1896,P146,Vêtements,178.26,4,2023-01-15 00:00:00,Sud
T1897,P147,Maison,153.38,1,2023-10-07 00:00:00,Est
T1898,P148,Jardin,26.55,6,2023-10-15 00:00:00,Ouest
T1899,P149,Sports,179.83,2,2023-10-17 00:00:00,Centre
T1900,P100,Électronique,82.67,5,2023-12-30 00:00:00,Nord
T1901,P101,Vêtements,155.34,4,2023-01-11 00:00:00,Sud
T1902,P102,Maison,183.1,5,2023-03-28 00:00:00,Est
T1903,P103,Jardin,49.15,4,2023-12-27 00:00:00,Ouest
T1904,P104,Sports,175.06,4,2023-12-25 00:00:00,Centre
T1905,P105,Électronique,171.65,2,2023-12-07 00:00:00,Nord
T1906,P106,Vêtements,15.19,6,2023-08-18 00:00:00,Sud
T1907,P107,Maison,165.76,2,2023-09-10 00:00:00,Est
T1908,P108,Jardin,79.61,3,2023-08-03 00:00:00,Ouest
T1909,P109,Sports,195.55,8,2023-11-11 00:00:00,Centre
T1910,P110,Électronique,166.9,1,2023-10-06 00:00:00,Nord
T1911,P111,Vêtements,49.67,8,2023-10-19 00:00:00,Sud
T1912,P112,Maison,125.59,6,2023-11-26 00:00:00,Est
T1913,P113,Jardin,114.71,1,2023-01-15 00:00:00,Ouest
T1914,P114,Sports,188.58,1,2023-12-26 00:00:00,Centre
T1915,P115,Électronique,148.96,7,2023-12-11 00:00:00,Nord
T1916,P116,Vêtements,67.79,2,2023-04-13 00:00:00,Sud
T1917,P117,Maison,107.33,8,2023-01-31 00:00:00,Est
T1918,P118,Jardin,175.9,1,2023-11-16 00:00:00,Ouest
T1919,P119,Sports,78.54,9,2023-09-15 00:00:00,Centre
T1920,P120,Électronique,54.91,8,2023-10-18 00:00:00,Nord
T1921,P121,Vêtements,54.93,3,2023-10-08 00:00:00,Sud
T1922,P122,Maison,146.21,2,2023-01-30 00:00:00,Est
T1923,P123,Jardin,142.42,6,2023-12-20 00:00:00,Ouest
T1924,P124,Sports,84.97,7,2023-04-01 00:00:00,Centre
T1925,P125,Électronique,97.26,4,2023-06-14 00:00:00,Nord
T1926,P126,Vêtements,60.93,4,2023-09-09 00:00:00,Sud
T1927,P127,Maison,138.95,5,2023-05-28 00:00:00,Est
T1928,P128,Jardin,23.59,4,2023-08-04 00:00:00,Ouest
T1929,P129,Sports,160.51,3,2023-06-08 00:00:00,Centre
T1930,P130,Électronique,109.35,2,2023-09-08 00:00:00,Nord
T1931,P131,Vêtements,16.0,4,2023-05-30 00:00:00,Sud
T1932,P132,Maison,151.15,3,2023-06-04 00:00:00,Est
T1933,P133,Jardin,112.36,9,2023-03-18 00:00:00,Ouest
T1934,P134,Sports,93.24,3,2023-02-11 00:00:00,Centre
T1935,P135,Électronique,171.95,5,2023-01-24 00:00:00,Nord
T1936,P136,Vêtements,122.48,4,2023-04-06 00:00:00,Sud
T1937,P137,Maison,111.71,5,2023-07-08 00:00:00,Est
T1938,P138,Jardin,31.95,6,2023-03-23 00:00:00,Ouest
T1939,P139,Sports,74.75,9,2023-11-21 00:00:00,Centre
T1940,P140,Électronique,43.97,4,2023-06-25 00:00:00,Nord
T1941,P141,Vêtements,66.41,1,2023-01-04 00:00:00,Sud
T1942,P142,Maison,190.8,7,2023-10-08 00:00:00,Est
T1943,P143,Jardin,99.14,2,2023-10-08 00:00:00,Ouest
T1944,P144,Sports,21.73,8,2023-05-05 00:00:00,Centre
T1945,P145,Électronique,140.08,2,2023-10-08 00:00:00,Nord
T1946,P146,Vêtements,108.7,9,2023-06-22 00:00:00,Sud
T1947,P147,Maison,47.67,9,2023-09-29 00:00:00,Est
T1948,P148,Jardin,59.6,1,2023-08-21 00:00:00,Ouest
T1949,P149,Sports,153.56,8,2023-03-25 00:00:00,Centre
T1950,P100,Électronique,104.65,6,2023-03-25 00:00:00,Nord
T1951,P101,Vêtements,10.44,8,2023-05-14 00:00:00,Sud
T1952,P102,Maison,81.74,6,2023-03-23 00:00:00,Est
T1953,P103,Jardin,34.87,5,2023-08-22 00:00:00,Ouest
T1954,P104,Sports,131.68,4,2023-07-27 00:00:00,Centre
T1955,P105,Électronique,198.87,2,2023-03-05 00:00:00,Nord
T1956,P106,Vêtements,146.31,2,2023-05-13 00:00:00,Sud
T1957,P107,Maison,51.62,7,2023-08-16 00:00:00,Est
T1958,P108,Jardin,98.94,8,2023-09-15 00:00:00,Ouest
T1959,P109,Sports,42.71,3,2023-05-13 00:00:00,Centre
T1960,P110,Électronique,65.82,7,2023-09-01 00:00:00,Nord
T1961,P111,Vêtements,191.84,9,2023-01-29 00:00:00,Sud
T1962,P112,Maison,48.63,5,2023-08-26 00:00:00,Est
T1963,P113,Jardin,176.85,2,2023-05-27 00:00:00,Ouest
T1964,P114,Sports,66.3,7,2023-07-25 00:00:00,Centre
T1965,P115,Électronique,112.6,9,2023-08-12 00:00:00,Nord
T1966,P116,Vêtements,157.43,1,2023-01-22 00:00:00,Sud
T1967,P117,Maison,119.95,6,2023-03-23 00:00:00,Est
T1968,P118,Jardin,118.49,7,2023-10-31 00:00:00,Ouest
T1969,P119,Sports,197.59,7,2023-04-24 00:00:00,Centre
T1970,P120,Électronique,133.49,9,2023-07-25 00:00:00,Nord
T1971,P121,Vêtements,26.12,2,2023-07-03 00:00:00,Sud
T1972,P122,Maison,174.42,9,2023-01-12 00:00:00,Est
T1973,P123,Jardin,89.65,2,2023-08-14 00:00:00,Ouest
T1974,P124,Sports,15.66,3,2023-10-07 00:00:00,Centre
T1975,P125,Électronique,80.46,2,2023-01-07 00:00:00,Nord
T1976,P126,Vêtements,63.33,1,2023-10-20 00:00:00,Sud
T1977,P127,Maison,114.67,2,2023-04-20 00:00:00,Est
T1978,P128,Jardin,146.66,8,2023-05-20 00:00:00,Ouest
T1979,P129,Sports,131.22,3,2023-09-25 00:00:00,Centre
T1980,P130,Électronique,160.43,5,2023-04-19 00:00:00,Nord
T1981,P131,Vêtements,49.66,3,2023-10-28 00:00:00,Sud
T1982,P132,Maison,151.13,7,2023-08-23 00:00:00,Est
T1983,P133,Jardin,169.96,2,2023-03-13 00:00:00,Ouest
T1984,P134,Sports,163.18,9,2023-08-30 00:00:00,Centre
T1985,P135,Électronique,112.17,9,2023-10-17 00:00:00,Nord
T1986,P136,Vêtements,199.27,2,2023-06-12 00:00:00,Sud
T1987,P137,Maison,13.89,4,2023-11-17 00:00:00,Est
T1988,P138,Jardin,68.18,9,2023-05-26 00:00:00,Ouest
T1989,P139,Sports,26.58,3,2023-06-29 00:00:00,Centre
T1990,P140,Électronique,120.85,4,2023-08-16 00:00:00,Nord
T1991,P141,Vêtements,11.84,3,2023-05-30 00:00:00,Sud
T1992,P142,Maison,122.74,7,2023-02-05 00:00:00,Est
T1993,P143,Jardin,85.35,4,2023-10-30 00:00:00,Ouest
T1994,P144,Sports,11.7,3,2023-11-26 00:00:00,Centre
T1995,P145,Électronique,157.78,3,2023-10-01 00:00:00,Nord
T1996,P146,Vêtements,60.03,9,2023-06-28 00:00:00,Sud
T1997,P147,Maison,168.85,2,2023-07-03 00:00:00,Est
T1998,P148,Jardin,74.07,1,2023-02-07 00:00:00,Ouest
T1999,P149,Sports,32.97,8,2023-01-31 00:00:00,Centre
